Gene Name,Cytogenetic Location,OMIM Gene MIM Number,Disease Name,Inheritance,Broad clinical disease category,Clinical disease subcategory
ABCC6,16p13.11,603234,"Pseudoxanthoma elasticum arterial calcification, generalized, of infancy, 2",Autosomal recessive,Primary Renal,Electrolytes_Metabolic
ABCD4,14q24.3,603214,"Methylmalonic aciduria and homocystinuria, cblJ type",Autosomal recessive,Secondary Renal,Secondary Renal
ACE,17q23,106180,Renal tubular dysgenesis,Autosomal recessive,Primary Renal,Congenital or developmental
ACP5,19p13.2,171640,Spondyloenchondrodysplasia with immune dysregulation,Autosomal recessive,Primary Renal,Electrolytes_Metabolic
ACTA2,10q23.31,102620,Multisystemic smooth muscle dysfunction syndrome,Autosomal dominant,Primary Renal,Congenital or developmental
ACTB,7p22.1,102630,Baraitser-Winter syndrome 1,Autosomal dominant,Primary Renal,Congenital or developmental
ACTG2,2p13.1,102545,"Megacystis-microcolon-intestinal hypoperistalsis syndrome, Visceral myopathy",Autosomal dominant,Primary Renal,Congenital or developmental
ACTN4,19q13,604638,Focal Segmental Glomerulosclerosis 1,Autosomal dominant,Primary Renal,Glomerular
ACVRL1,12q13.13,601284,Hereditary hemorrhagic telangiectasia,Autosomal dominant,Primary Renal,Glomerular
ADAMTS13,9q34.2,604134,"Thrombotic thrombocytopenic purpura, familial",Autosomal recessive,Primary Renal,Glomerular
AFF4,5q31.1,604417,CHOPS syndrome,Autosomal dominant,Primary Renal,Congenital or developmental
AGPAT2,9q34.3,603100,"Lipodystrophy congenital generalized, type 1",Autosomal recessive,Primary Renal,Electrolytes_Metabolic
AGT,1q42-43,106150,Renal tubular dysgenesis,Autosomal recessive,Primary Renal,Congenital or developmental
AGTR1,3q24,106165,Renal tubular dysgenesis,Autosomal recessive,Primary Renal,Congenital or developmental
AGXT,2q37.3,604285,"Hyperoxaluria, primary, type 1",Autosomal recessive,Primary Renal,Electrolytes_Metabolic
AHI1,6q23.3,608894,Joubert Syndrome 3,Autosomal recessive,Primary Renal,Congenital or developmental
ALG8,11q14.1,608103,Polycystic liver disease 3 with or without kidney cysts,Autosomal recessive,Primary Renal,Congenital or developmental
ALG9,11q23,606941,"Gillessen-Kaesbach-Nishimura sundrome (GIKANIS), Congenital disorder of glycosylation, type 2",Autosomal recessive,Primary Renal,Congenital or developmental
ALMS1,2p13.1,606844,Alstrom syndrome,Autosomal recessive,Primary Renal,Congenital or developmental
ALPL,1p36.12,171760,"Hypophosphatasia, infantile",Autosomal dominant or recessive,Primary Renal,Electrolytes_Metabolic
AMER1,Xq11.2,300647,Osteopathia striata with cranial sclerosis,X-linked dominant,Primary Renal,Congenital or developmental
AMN,14q3232,605799,Megaloblasticanemia1-norwegian_type,Autosomal recessive,Primary Renal,Electrolytes_Metabolic
ANKS6,9q22.33,615370,Nephronophthisis 16,Autosomal recessive,Primary Renal,Congenital or developmental
ANLN,7p14.2,616027,Focal Segmental Glomerulosclerosis 8,Autosomal dominant,Primary Renal,Glomerular
KAL1,Xp22.31,300836,Hypogonadotropic hypogonadism 1 with or without anosmia (Kallmann syndrome 1),X-linked recessive,Primary Renal,Congenital or developmental
AP2S1,19q13.32,602242,"Hypocalciuric hypercalcemia, familial type 3",Autosomal dominant,Primary Renal,Electrolytes_Metabolic
APC2,19p13.3,612034,Sotos syndrome,Autosomal recessive,Primary Renal,Congenital or developmental
APOA1,11q23.3,107680,"Amyloidosis, familial visceral, 3 or more types",Autosomal dominant,Primary Renal,Glomerular
APOPT1,14q32.33,616003,Mitochondrial Complex 4 deficiency,Autosomal recessive,Primary Renal,Electrolytes_Metabolic
APRT,16q24.3,102600,Adenine phosphoribosyltransferase deficiency,Autosomal recessive,Primary Renal,Electrolytes_Metabolic
AQP2,12q12-q13,107777,"Diabetes insipidus, nephrogenic",Autosomal dominant or recessive,Primary Renal,Electrolytes_Metabolic
ARHGDIA,17q25.3,601925,Nephrotic syndrome type 8,Autosomal recessive,Primary Renal,Glomerular
ARID1A,1p36.11,603024,Coffin-Siris syndrome,Autosomal dominant,Primary Renal,Congenital or developmental
ARID1B,6q25.3,614556,Coffin-Siris syndrome,Autosomal dominant,Primary Renal,Congenital or developmental
ARL13B,3q111,608922,"Nephronophtisis, Joubert syndrome 8",Autosomal recessive,Primary Renal,Congenital or developmental
ARL6,3q11.2,608845,Bardet-biedl syndrome 3,Autosomal recessive,Primary Renal,Congenital or developmental
ARMC5,16p11.2,615549,Cushing syndrome due to macronodular adrenal hyperplasia,Autosomal dominant,Secondary Renal,Secondary Renal
ARNT2,15q25.1,606036,Webb-Dattani syndrome	,Autosomal recessive,Primary Renal,Congenital or developmental
ARX,Xp21.3,300382,Proud syndrome,X-linked recessive,Primary Renal,Congenital or developmental
ASXL1,20q11.21,612990,Bohring-Opitz syndrome,Autosomal dominant,Primary Renal,Congenital or developmental
ATP6V0A4,7q34,605239,"Renal tubular acidosis, distal",Autosomal recessive,Primary Renal,Electrolytes_Metabolic
ATP6V1B1,2p13.3,192132,Renal tubular acidosis with deafness,Autosomal recessive,Primary Renal,Electrolytes_Metabolic
ATP7A,Xq21.1,300011,Occipital horn syndrome,X-linked recessive,Primary Renal,Congenital or developmental
ATP7B,13q14.3,606882,Wilson Disease,Autosomal recessive,Primary Renal,Electrolytes_Metabolic
AUH,9q22.31,600529,"3-methylglutaconic aciduria, type I",Autosomal recessive,Secondary Renal,Secondary Renal
AVP,20p13,192340,"Diabetes insipidus, neurohypophyseal",Autosomal dominant,Secondary Renal,Secondary Renal
AVPR2,Xq28,300538,"Nephrogenic syndrome of inappropriate diuresis Diabetes insipidus, nephrogenic ",X-linked recessive,Primary Renal,Electrolytes_Metabolic
B2M,15q21.1,109700,"Amyloidosis, familial visceral",Autosomal dominant or recessive,Primary Renal,Glomerular
B3GALTL,13q12.3,610308,Peters-plus syndrome,Autosomal recessive,Primary Renal,Congenital or developmental
B3GNT1,11q13.2,605517,"Muscular dystrophy-dystroglycanopathy (congenital with brain and eye anomalies), type A, 13",Autosomal recessive,Primary Renal,Congenital or developmental
B9D1,17p11.2,614144,Meckel syndromeMeckel-gruber syndrome type 9,Autosomal recessive,Primary Renal,Congenital or developmental
B9D2,19q13.2,611951,Meckel syndrome type 10,Autosomal recessive,Primary Renal,Congenital or developmental
BBIP1,10q25.2,613605,Bardet-biedl syndrome 18,Autosomal recessive,Primary Renal,Congenital or developmental
BBS1,11q13.2,209901,Bardet-biedl syndrome 1,Autosomal recessive,Primary Renal,Congenital or developmental
BBS10,12q21.2,610148,Bardet-biedl syndrome 10,Autosomal recessive,Primary Renal,Congenital or developmental
BBS12,4q27,610683,Bardet-biedl syndrome 12,Autosomal recessive,Primary Renal,Congenital or developmental
BBS2,16q12.2,606151,Bardet-biedl syndrome 2,Autosomal recessive,Primary Renal,Congenital or developmental
BBS4,15q24.1,600374,Bardet-Biedl Syndrome 4,Autosomal recessive,Primary Renal,Congenital or developmental
BBS5,2q31.1,603650,Bardet-Biedl Syndrome 5,Autosomal recessive,Primary Renal,Congenital or developmental
BBS7,4q27,607590,Bardet-biedl syndrome 7,Autosomal recessive,Primary Renal,Congenital or developmental
BBS9,7p14.3,607968,Bardet-biedl syndrome 9,Autosomal recessive,Primary Renal,Congenital or developmental
BCOR,Xp11.4,300485,"Microphthalmia, Lenz type, Microphthalmia, syndromic 2",X-linked dominant,Primary Renal,Congenital or developmental
BCS1L,2q35,603647,"Mitochondrial complex 3 deficiency, nuclear type 1",Autosomal recessive,Primary Renal,Electrolytes_Metabolic
BMP4,14q22-23,112262,"Microphthalmia, syndromic 6",Autosomal dominant,Primary Renal,Congenital or developmental
BMPER,7p14.3,608699,Diaphanospondylodysostosis,Autosomal recessive,Cancer,Cancer
BRAF,7q34,164757,"Noonan syndrome with multiple lentigines, Cardiofaciocutaneous syndrome",Autosomal dominant,Primary Renal,Congenital or developmental
BRIP1,16p11.2,605882,Fanconi anemia,Autosomal recessive,Primary Renal,Congenital or developmental
BSCL2,11q12.3,606158,"Lipodystrophy congenital generalized, type 2",Autosomal recessive,Primary Renal,Electrolytes_Metabolic
BSND,1p32.1,606412,"Bartter Syndrome, Type 4a, neonatal",Autosomal recessive,Primary Renal,Electrolytes_Metabolic
BUB1B,15q15.1,602860,Mosaic variegated aneuploidy syndrome 1,Autosomal recessive,Cancer,Cancer
C1QA,1p36.12,120550,C1q Deficiency,Autosomal recessive,Primary Renal,Glomerular
C1QB,1p36.12,120570,C1q Deficiency,Autosomal recessive,Primary Renal,Glomerular
C1QC,1p36.12,120575,C1q Deficiency,Autosomal recessive,Primary Renal,Glomerular
C2,6p21.33,613927,C2 Deficiency,Autosomal recessive,Primary Renal,Glomerular
C3,19p13.3,120700,Complement component 3 deficiency,Autosomal recessive,Primary Renal,Glomerular
C4A,6p21.33,120810,Complement component 4A deficiency,Autosomal recessive,Primary Renal,Glomerular
C5orf42,5p13.2,614571,Orofaciodigital syndrome 6,Autosomal recessive,Primary Renal,Congenital or developmental
CA2,8q21.2,611492,Osteopetrosis  with renal tubular acidosis,Autosomal recessive,Primary Renal,Electrolytes_Metabolic
CACNA1S,1q321,114208,"Hypokalemic periodic paralysis, hokpp",Autosomal dominant,Secondary Renal,Secondary Renal
CAD,2p23.3,114010,"Congenital disorder of glycosylation, type Iz",Autosomal recessive,Primary Renal,Electrolytes_Metabolic
CASP10,2q33.1,601762,Autoimmune Lymhoproliferative syndrome type 2A,Autosomal dominant,Primary Renal,Glomerular
CASR,3q13,601199,"Neonatal severe primary hyperparathyroidism, Hypocalcemia with bartter syndrome",Autosomal dominant or recessive,Primary Renal,Electrolytes_Metabolic
CC2D2A,4p15.32,612013,"Joubert syndrome with hepatic defect, Joubert syndrome with oculorenal defect,Meckel Syndrome 6, Jouber syndrome 9, COACH syndrome",Autosomal recessive,Primary Renal,Congenital or developmental
CCBE1,18q21.32,612753,Hennekam Lymphangiectasia-Lymphedema Syndrome,Autosomal recessive,Primary Renal,Congenital or developmental
CCDC22,Xp11.23,300859,3C syndrome,X-linked recessive,Primary Renal,Congenital or developmental
CD151,11p15.5,602243,Nephropathy with pretibial epidermolysis bullosa and deafness,Autosomal recessive,Primary Renal,Glomerular
CD19,16p11.2,107265,"Immunodeficiency, common variable, 3",Autosomal recessive,Primary Renal,Glomerular
CD81,11p15.5,186845,"Immunodeficiency, common variable, 6",Autosomal recessive,Primary Renal,Glomerular
CD96,3q13.1-q13.2,606037,C syndrome,Autosomal recessive,Primary Renal,Congenital or developmental
CDC5L,6p21,602868,Congenital Anomalies of the Kidney and the Urinary Tract,Autosomal dominant,Primary Renal,Congenital or developmental
CDC73,1q31.2,607393,Hyperparathyroidism 2,Autosomal dominant,Secondary Renal,Secondary Renal
CDKN1B,12p13.1,600778,"Multiple endocrine neoplasia, type 4",Autosomal dominant,Cancer,Cancer
CDKN1C,11p15.5,600856,Beckwith-wiedemann syndrome IMAGE syndrome,Autosomal dominant,Primary Renal,Congenital or developmental
CECR1,22q11.1,607575,"Sneddon syndrome Polyarteritis nodosa, childhood-onset",Autosomal recessive,Primary Renal,Glomerular
CENPF,1q41,600236,Stromme syndrome,Autosomal recessive,Primary Renal,Congenital or developmental
CEP104,1p36.32,616690,Joubert syndrome 25,Autosomal recessive,Primary Renal,Congenital or developmental
CEP120,5q23.2,613446,Short-rib thoracic dysplasia 13 with or without polydactyly,Autosomal recessive,Primary Renal,Congenital or developmental
CEP164,11q23.3,614848,"Senior-Loken syndrome, Nephronopthisis 15",Autosomal recessive,Primary Renal,Congenital or developmental
CEP290,12q21.32,610142,"Joubert syndrome with oculorenal defect, Bardet-biedl syndrome 14, Joubert Syndrome 5, Meckel syndrome 4, Senior-Loken Syndrome 6",Autosomal recessive,Primary Renal,Congenital or developmental
CEP41,7q32.2,610523,Joubert's syndrome type 15,Autosomal recessive,Primary Renal,Congenital or developmental
CCDC41,12q22,615847,Nephronophthisis 18,Autosomal recessive,Primary Renal,Congenital or developmental
CFH,1q31.3,134370,Complement factor h deficiency,Autosomal recessive,Primary Renal,Glomerular
CFHR5,1q31.3,608593,Nephropathy due to CFHR5 deficiency,Autosomal dominant,Primary Renal,Glomerular
CFI,4q25,217030,Complement factor I deficiency,Autosomal recessive,Primary Renal,Glomerular
CHD7,8q12.2,608892,CHARGE syndrome,Autosomal dominant,Primary Renal,Congenital or developmental
CHRM3,1q43,118494,"Prune belly syndrome, Eagle-barrett syndrome ",Autosomal recessive,Primary Renal,Congenital or developmental
CHST14,15q15.1,608429,"Ehlers-Danlos syndrome, musculocontractural type 1",Autosomal recessive,Primary Renal,Congenital or developmental
CISD2,4q24,611507,Wolfram syndrome 2,Autosomal recessive,Primary Renal,Congenital or developmental
CLCN5,Xp11.23,300008,Dent disease nephrolithiasis type 1 hypophosphatemic Rickets,X-linked recessive,Primary Renal,Electrolytes_Metabolic
CLCNKA,1p36.13,602024,"Bartter's Syndrome Type 4b, Neonatal",Autosomal recessive,Primary Renal,Electrolytes_Metabolic
CLCNKB,1p36.13,602023,"Bartter syndrome, type 3 and type 4b",Autosomal recessive,Primary Renal,Electrolytes_Metabolic
CLDN16,3q28,603959,"Hypomagnesemia 3, renal",Autosomal recessive,Primary Renal,Electrolytes_Metabolic
CLDN19,1p34.2,610036,"Familial primary hypomagnesemia with hypercalciuria and nephrocalcinosis with severe ocular involvementHypomagnesemia 5, renal, with ocular involvement",Autosomal recessive,Primary Renal,Electrolytes_Metabolic
CNNM2,10q24.32,607803,"Hypomagnesemia type 6 Hypomagnesemia, seizures, and mental retardation",Autosomal dominant or recessive,Primary Renal,Electrolytes_Metabolic
COL18A1,21q22.3,120328,Knobloch syndrome,Autosomal recessive,Primary Renal,Congenital or developmental
COL4A1,13q34,120130,"Hereditary angiopathy with nephropathy, aneurysms and Msucle cramps (HANAC)",Autosomal dominant,Primary Renal,Glomerular
COL4A3,2q36-q37,120070,Alport syndrome,Autosomal dominant or recessive,Primary Renal,Glomerular
COL4A4,2q35-q37,120131,Alport syndrome; nephrotic syndrome (FSGS 1),Autosomal recessive,Primary Renal,Glomerular
COL4A5,Xq22.3,303630,Alport syndrome,X-linked dominant,Primary Renal,Glomerular
COL5A1,9q34.3,120215,"Ehlers-Danlos syndrome, classic type",Autosomal dominant,Primary Renal,Congenital or developmental
COPA,1q23.2,601924,"Autoimmune interstitial lung, joint, and kidney disease",Autosomal dominant,Primary Renal,Glomerular
COQ2,4q21.23,609825,Coenzyme q10 deficiency,Autosomal recessive,Primary Renal,Glomerular
COQ6,14q24.3,614647,"Coenzyme Q10 deficiency, primary, 6",Autosomal recessive,Primary Renal,Glomerular
COQ7,16p12.3,601683,"Coenzyme Q10 deficiency, primary, 8",Autosomal recessive,Primary Renal,Glomerular
ADCK4,19q13.1,615567,"Nephrotic syndrome, type 9",Autosomal recessive,Primary Renal,Glomerular
COQ9,16q21,612837,"Coenzyme Q10 deficiency, primary, 5",Autosomal recessive,Primary Renal,Glomerular
COX10,17p12,602125,Mitochondrial Complex  4 deficiency,Autosomal recessive,Primary Renal,Electrolytes_Metabolic
COX14,12q13.12,614478,Mitochondrial Complex 4 deficiency,Autosomal recessive,Primary Renal,Electrolytes_Metabolic
COX20,1q44,614698,Mitochondrial Complex 4 deficiency,Autosomal recessive,Primary Renal,Electrolytes_Metabolic
COX6B1,19p13.12,124089,Mitochondrial Complex 4 deficiency,Autosomal recessive,Primary Renal,Electrolytes_Metabolic
COX7B,Xp21.1,300885,Linear skin defects with multiple congenital anomalies 2,X-linked dominant,Primary Renal,Congenital or developmental
COX8A,11q13.1,123870,Mitochondrial Complex 4 deficiency,Autosomal recessive,Primary Renal,Electrolytes_Metabolic
CPT1A,11q13.3,600528,Carnitine palmitoyl transferase 1A deficiency,Autosomal recessive,Primary Renal,Electrolytes_Metabolic
CPT2,1p32,600650,Lethal neonatal carnitine palmitoyltransferase 2 deficiency,Autosomal recessive,Primary Renal,Electrolytes_Metabolic
CRB2,9q33.3,609720,FSGS 9 Ventriculomegaly with cystic kidney disease,Autosomal recessive,Primary Renal,Glomerular
CREBBP,16p133,600140,Rubinstein Taybi syndrome type 1,Autosomal dominant,Primary Renal,Congenital or developmental
CRTAP,3p22.3,605497,"Osteogenesis imperfecta, type 7",Autosomal recessive,Primary Renal,Congenital or developmental
CSPP1,8q13.1-q13.2,611654,"Meckel syndrome, Joubert syndrome 21",Autosomal recessive,Primary Renal,Congenital or developmental
CTC1,17p13.1,613129,Dyskeratosis congenita,Autosomal recessive,Genital,Genital
CTNS,17p13,606272,"Cystinosis, nephropathic cystinosis, late-onset juvenile or adolescent nephropathic",Autosomal recessive,Primary Renal,Electrolytes_Metabolic
CUBN,10p13,602997,Megaloblastic anemia 1-finnish type,Autosomal recessive,Primary Renal,Electrolytes_Metabolic
CUL3,2q36.2,603136,"Pseudohypoaldosteronism, type 2e",Autosomal dominant,Primary Renal,Electrolytes_Metabolic
CYP11A1,15q24.1,118485,"46,XY disorder of sex development-adrenal insufficiency due to CYP11A1 deficiency syndrome Inherited isolated adrenal insufficiency due to CYP11A1 deficiency",Autosomal dominant or recessive,Genital,Genital
CYP11B1,8q24.3,610613,Congenital adrenal hyperplasia due to 11-beta-hydroxylase deficiency,Autosomal recessive,Genital,Genital
CYP17A1,10q243,609300,"17-alpha-hydroxylase17,20-lyasedeficiency",Autosomal recessive,Genital,Genital
CYP21A2,6p21.33,613815,"Adrenal hyperplasia, congenital, due to 21-hydroxylase deficiency; Hyperandrogenism, nonclassic type, due to 21-hydroxylase deficiency",Autosomal recessive,Genital,Genital
CYP24A1,20q13.2,126065,"Hypercalcemia infantile, 1",Autosomal recessive,Primary Renal,Electrolytes_Metabolic
DCDC2,6p22.3,605755,Nephronophthisis 19,Autosomal recessive,Primary Renal,Congenital or developmental
DCHS1,11p15.4,603057,Van Maldergem syndrome 1,Autosomal recessive,Primary Renal,Congenital or developmental
DDX59,1q32.1,615464,Orofaciodigital syndrome V,Autosomal recessive,Primary Renal,Congenital or developmental
DGKE,17q22,601440,Nephrotic syndrome type 7,Autosomal recessive,Primary Renal,Glomerular
DHCR7,11q13.4,602858,Smith-Lemli-Opitz Syndrome,Autosomal recessive,Primary Renal,Congenital or developmental
DIS3L2,2q37.1,614184,"Perlman's syndrome (nephroblastomatosis, gigantism)",Autosomal recessive,Cancer,Cancer
DKC1,Xq28,300126,"Dyskeratosis Congenita, X-linked",X-linked recessive,Primary Renal,Congenital or developmental
DLG3,Xq13.1,300189,"Mental retardation, x-linked 90",X-linked recessive,Primary Renal,Glomerular
DLL3,19q13.2,602768,Autosomal recessive spondylocostal dysostosis,Autosomal recessive,Primary Renal,Congenital or developmental
DLL4,15q15.1,605185,Adams-Oliver syndrome 6,Autosomal dominant,Primary Renal,Congenital or developmental
DLX4,17q21.33,601911,Orofacial cleft 15,Autosomal dominant,Genital,Genital
DMP1,4q22.1,600980,Hypophosphataemic rickets,Autosomal recessive,Primary Renal,Electrolytes_Metabolic
DNA2,10q21.3,601810,Seckel syndrome 8,Autosomal recessive,Primary Renal,Congenital or developmental
DNAAF1,16q24.1,613190,"Ciliary dyskinesia, primary, 13",Autosomal recessive,Primary Renal,Congenital or developmental
DNASE1L3,3p14.3,602244,Systemic Lupus Erythematosus 16,Autosomal recessive,Primary Renal,Glomerular
DNMT3B,20q1121,602900,"Immunodeficiency-centromeric instability, facial anomalies syndrome 1, icf1",Autosomal recessive,Primary Renal,Congenital or developmental
DPH1,17p13.3,603527,"Developmental delay with short stature, dysmorphic features, and sparse hair",Autosomal recessive,Primary Renal,Congenital or developmental
DSTYK,1q321,612666,Congenital Anomalies of the Kidney and the Urinary Tract,Autosomal dominant,Primary Renal,Congenital or developmental
DYNC2H1,11q22.3,603297,"Short rib-polydactyly syndrome, Verma-Naumoff type, Short rib-polydactyly syndrome (Jeune's syndrome) type 3",Autosomal recessive,Primary Renal,Congenital or developmental
EBP,Xp11.23,300205,Chondrodysplasia punctata,X-linked dominant or recessive,Primary Renal,Congenital or developmental
EDNRA,4q31.22-q31.23,131243,Mandibulfacial dysostosis with alopecia,Autosomal dominant,Primary Renal,Congenital or developmental
EFEMP2,11q13.1,604633,Cutis laxa type 1,Autosomal recessive,Primary Renal,Congenital or developmental
EGF,4q25,131530,"Hypomagnesemia 4, renal",Autosomal recessive,Primary Renal,Electrolytes_Metabolic
EHHADH,3q27.2,607037,Fanconi renotubular syndrome 3,Autosomal dominant,Primary Renal,Electrolytes_Metabolic
EIF2AK3,2p12,604032,Wolcott-Rallison Syndrome,Autosomal recessive,Primary Renal,Congenital or developmental
EIF2B4,2p23.3,606687,"Ovarioleukodystrophy, leukoencelpaly with vanishing white matter",Autosomal recessive,Primary Renal,Congenital or developmental
EMP2,16p13.13,602334,Nephrotic syndrome type 10,Autosomal recessive,Primary Renal,Glomerular
ENG,9q34.11,131195,Hereditary hemorrhagic telangiectasia,Autosomal dominant,Primary Renal,Glomerular
ENPP1,6q23.2,173335,Hypophosphataemicrickets,Autosomal recessive,Primary Renal,Electrolytes_Metabolic
EPG5,18q12.3-q21.1,615068,Vici syndrome,Autosomal recessive,Primary Renal,Electrolytes_Metabolic
ERBB3,12q13.2,190151,Lethal congenital contracture syndrome 2,Autosomal recessive,Primary Renal,Congenital or developmental
ERCC4,16p13.12,133520,"Fanconi anemia, Xeroderma pigmentosum, type f, Cockayne syndrome",Autosomal recessive,Primary Renal,Congenital or developmental
ERCC6,10q11.23,609413,"Cockayne syndrome, type B",Autosomal recessive,Primary Renal,Glomerular
ERCC8,5q12.1,609412,"Cockayne Syndrome, Type A",Autosomal recessive,Primary Renal,Glomerular
ESCO2,8p21.1,609353,Roberts syndrome,Autosomal recessive,Primary Renal,Congenital or developmental
ETFA,15q23-q25,608053,Glutaric aciduria 2a,Autosomal recessive,Primary Renal,Electrolytes_Metabolic
ETFB,19q13.3,130410,Glutaric acidemia 2b,Autosomal recessive,Primary Renal,Electrolytes_Metabolic
ETFDH,4q32.1,231675,Glutaric acidemia 2c,Autosomal recessive,Primary Renal,Electrolytes_Metabolic
EVC,4p16.2,604831,Ellis Van Creveld syndrome,Autosomal recessive,Primary Renal,Congenital or developmental
EVC2,4p16.2,607261,Ellis Van Creveld syndrome,Autosomal recessive,Primary Renal,Congenital or developmental
EYA1,8q13.3,601653,Branchio-oto-renal syndrome 1,Autosomal dominant,Primary Renal,Congenital or developmental
FAH,15q25.1,613871,"tyrosinemia, type 1",Autosomal recessive,Primary Renal,Electrolytes_Metabolic
FAM20A,17q24.2,611062,Amelogenesis imperfecta-nephrocalcinosis syndromeAmelogenesis imperfecta type IG (enamel-renal syndrome),Autosomal recessive,Primary Renal,Electrolytes_Metabolic
FAM20C,7p22.3,611061,Raine syndrome,Autosomal recessive,Primary Renal,Electrolytes_Metabolic
FAM58A,Xq28,300708,"STAR (toe Syndactyly, Telecanthus, and Anogenital and Renal Malformations)",X-linked dominant,Primary Renal,Congenital or developmental
FAN1,15q13.2-q13.3,613534,"Interstitial nephritis, karyomegalic",Autosomal recessive,Primary Renal,Tubulo-interstitial
FANCA,16q24.3,607139,"Fanconi anemia, complementation group a",Autosomal recessive,Primary Renal,Congenital or developmental
FANCB,Xp22.2,300515,"Fanconi anemia, complementation group b",X-linked recessive,Primary Renal,Congenital or developmental
FANCC,9q22.32,613899,"Fanconi anemia, complementation group c",Autosomal recessive,Primary Renal,Congenital or developmental
FANCD2,3p26,613984,"Fanconi anemia, Complementation group d2",Autosomal recessive,Primary Renal,Congenital or developmental
FANCE,6p22-p21,613976,"Fanconi anemia, complementation group e",Autosomal recessive,Primary Renal,Congenital or developmental
FANCF,11p14.3,613897,Fanconi anemia,Autosomal recessive,Primary Renal,Congenital or developmental
FANCG,9p13.3,602956,Fanconi anemia,Autosomal recessive,Primary Renal,Congenital or developmental
FANCI,15q26.1,611360,"Fanconi anemia, complementation group I",Autosomal recessive,Primary Renal,Congenital or developmental
FANCL,2p16.1,608111,"Fanconi anemia, complementation group L",Autosomal recessive,Primary Renal,Congenital or developmental
FANCM,14q21.2,609644,Fanconi anemia,Autosomal recessive,Primary Renal,Congenital or developmental
FASTKD2,2q33.3,612322,Mitochondrial Complex 4 deficiency,Autosomal recessive,Primary Renal,Electrolytes_Metabolic
FAT4,4q28.1,612411,Van Maldergem Syndrome 2 Hennekam lymphangiectasia-lymphedema syndrome 2,Autosomal recessive,Primary Renal,Congenital or developmental
FBLN5,14q32.12,604580,Cutis laxa type IA,Autosomal recessive,Primary Renal,Congenital or developmental
FBXL4,6q16.1-q16.2,605654,Mitochondrial DNA depletion syndrome 13,Autosomal recessive,Primary Renal,Electrolytes_Metabolic
FGA,4q31.3,134820,"Amyloidosis, familial visceral, hereditary renal",Autosomal dominant or recessive,Primary Renal,Glomerular
FGF10,5p13-p12,602115,Lacrimoauriculodentodigital syndrome,Autosomal dominant,Primary Renal,Congenital or developmental
FGF20,8p22,605558,Renal hypodysplasiaaplasia 2,Autosomal recessive,Primary Renal,Congenital or developmental
FGF23,12p13.3,605380,"Hypophosphatemic Rickets, autosomal dominant Tumoral Calcinosis, hyperphosphatemic, familial",Autosomal dominant or recessive,Primary Renal,Electrolytes_Metabolic
FGFR1,8p12,136350,"Encephalocraniocutaneous Lipomatosis, Kallmann syndrome 2, kal2",Autosomal recessive,Primary Renal,Congenital or developmental
FGFR2,10q26,176943,"Pfeiffer syndrome type 3, Antley-Bixler syndrome, Apert syndrome, LADD syndrome",Autosomal dominant or recessive,Primary Renal,Congenital or developmental
FGFR3,4p16.3,134934,"Thanatophoric dysplasia type 1, Thanatophoric dysplasia type 2,Lacrimoauriculodentodigital syndrome",Autosomal dominant or recessive,Primary Renal,Congenital or developmental
FKBP14,7p14.3,614505,"Ehlers-Danlos syndrome with progressive kyphoscoliosis, myopathy, and hearing loss",Autosomal recessive,Primary Renal,Congenital or developmental
FLCN,17p11,607273,Birt-Hogg-Dube Syndrome,Autosomal dominant,Cancer,Cancer
FLNA,Xq28,300017," Congenital short bowel syndrome Melnick-Needles syndrome Otopalatodigital syndrome, type 2; Frontometaphyseal Dysplasia",X-linked dominant,Genital,Genital
FLNB,3p14.3,603381,Spondylocarpotarsal synostosis syndrome,Autosomal recessive,Primary Renal,Congenital or developmental
FLT4,5q35.3,136352,"Lymphedema, hereditary, IA",Autosomal dominant,Genital,Genital
FN1,2q34,135600,Glomerulopathy with fibronectin deposits 2,Autosomal dominant,Primary Renal,Glomerular
FOXC1,6p25,601090,"Axenfeld-Rieger syndrome, Type 3",Autosomal dominant,Primary Renal,Congenital or developmental
FOXC2,16q24.1,602402,Lymphedema-distichiasis syndrome with renal disease and diabetes mellitus,Autosomal dominant,Primary Renal,Glomerular
FOXF1,16q24.1,601089,"Alveolar capillary dysplasia with misalignment of pulmonary veins, acdmpv",Autosomal dominant,Primary Renal,Congenital or developmental
FRAS1,4q21.21,607830,Fraser syndrome,Autosomal recessive,Primary Renal,Congenital or developmental
FREM1,9p22.3,608944,Bifid nose with or without anorectal and renal anomalies,Autosomal dominant or recessive,Primary Renal,Congenital or developmental
FREM2,13q13.3,608945,Fraser syndrome,Autosomal recessive,Primary Renal,Congenital or developmental
FUZ,19q13.33,610622,Caudal regression sequence,Autosomal dominant,Primary Renal,Congenital or developmental
FXYD2,11q23.3,601814,"Hypomagnesemia 2, renal",Autosomal dominant,Primary Renal,Electrolytes_Metabolic
G6PC,17q21.31,613742,Glycogen storage disease Ia,Autosomal recessive,Secondary Renal,Secondary Renal
GALNT3,2q24.3,601756,"Tumoral calcinosis, hyperphosphatemic, familial, hftc",Autosomal recessive,Primary Renal,Electrolytes_Metabolic
GATA3,10p14,131320,"Hypoparathyroidism, deafness, renal disease syndrome",Autosomal dominant,Primary Renal,Congenital or developmental
GATA6,18q11.2,601656,Pancreatic agenesis and congenital heart defects,Autosomal dominant,Primary Renal,Glomerular
GBA,1q22,606463,Gaucher disease,Autosomal recessive,Secondary Renal,Secondary Renal
GCDH,19p13.13,608801,"Glutaricaciduria, type I",Autosomal recessive,Primary Renal,Electrolytes_Metabolic
GCM2,6p24.2,603716,"Hypoparathyroidism, familial isolated",Autosomal dominant,Secondary Renal,Secondary Renal
GDF2,10q11.22,605120,Hereditary hemorrhagic telangiectasia,Autosomal dominant,Primary Renal,Glomerular
GDNF,5p131-p12,600837,Congenital Anomalies of the Kidney and the Urinary Tract,Autosomal dominant,Primary Renal,Congenital or developmental
GLA,Xq22.1,300644,Fabry Disease,X-linked recessive,Secondary Renal,Secondary Renal
GLB1,3p22.3,611458,"GM1-gangliosidosis, type 1, type 2",Autosomal recessive,Primary Renal,Glomerular
GLI3,6p14.1,165240,Pallister-Hall syndrome,Autosomal dominant,Primary Renal,Congenital or developmental
GLIS2,16p13.3,608539,Nephronophthisis 7,Autosomal recessive,Primary Renal,Congenital or developmental
GLIS3,9p24.2,610192,"Diabetes Mellitus, Neonatal, With Congenital Hypothyroidism",Autosomal recessive,Primary Renal,Congenital or developmental
GNA11,19p13.3,139313,"Hypocalciuric hypercalcemia, type 2",Autosomal dominant,Primary Renal,Electrolytes_Metabolic
GNAS,20q13.32,139320,"pseudohypoparathyroidism, type 1B",Autosomal dominant,Primary Renal,Electrolytes_Metabolic
GNB1,1p36.33,139380,"Mental retardation, autosomal dominant 42",Autosomal dominant,Primary Renal,Congenital or developmental
GPC3,Xq26.2,300037,Simpson golabi behmel syndrome type 1,X-linked recessive,Primary Renal,Congenital or developmental
GRHPR,9p13.2,604296,"Hyperoxaluria, primary, type 2",Autosomal recessive,Primary Renal,Electrolytes_Metabolic
GRIP1,12q14.3,604597,Fraser syndrome,Autosomal recessive,Primary Renal,Congenital or developmental
GSN,9q33.2,137350,"Amyloidosis, finnish type cerebral amyloid angiopathy, gsn-related",Autosomal dominant,Primary Renal,Glomerular
HBB,11p15.4,141900,"Sickle Cell Anemia beta-thalassemia, dominant inclusion body type",Autosomal recessive,Secondary Renal,Secondary Renal
HDAC8,Xq13.1,300269,Cornelia de Lange syndrome,X-linked dominant,Primary Renal,Congenital or developmental
HES7,17p13.1,608059,Autosomal recessive spondylocostal dysostosis,Autosomal recessive,Primary Renal,Congenital or developmental
HGD,3q13.33,607474,Alkaptonuria,Autosomal recessive,Primary Renal,Electrolytes_Metabolic
HNF1A,12q24.31,142410,"Diabetes mellitus, insulin-dependent, 20; MODY, type 3; Renal cell carcinoma",Autosomal dominant or recessive,Cancer,Cancer
HNF1B,17q12,189907,Renal Cysts and Diabetes Syndrome,Autosomal dominant,Primary Renal,Congenital or developmental
HNF4A,20q13.12,600281,"Renal cysts and diabetes syndrome Hyperinsulinism due to HNF4A deficiency; Fanconi renotubular syndrome 4, with maturity-onset diabetes of the young",Autosomal dominant,Primary Renal,Electrolytes_Metabolic
HOGA1,10q24.2,613597,Primary hyperoxaluria type 3,Autosomal recessive,Primary Renal,Electrolytes_Metabolic
HOXA13,7p15.2,142959,Hand-foot-uterus syndrome,Autosomal dominant,Primary Renal,Congenital or developmental
HOXD13,2q311,142989,Vacterl association with hydrocephalus,Autosomal dominant,Primary Renal,Congenital or developmental
HPRT1,Xq26.2-q26.3,308000,Kelley-Seegmiller Syndrome Lesch-Nyhan Syndrome,X-linked recessive,Primary Renal,Electrolytes_Metabolic
HPS1,10q24.2,604982,Hermansky-Pudlak syndrome 1,Autosomal recessive,Secondary Renal,Secondary Renal
HPSE2,10q24.2,613469,Ochoa syndromeUrofacial syndrome 1,Autosomal recessive,Primary Renal,Congenital or developmental
HRAS,11p15.5,190020,Costello syndrome,Autosomal dominant,Primary Renal,Congenital or developmental
HSD11B2,16q22.1,614232,Apparent mineralocorticoid excess,Autosomal recessive,Primary Renal,Electrolytes_Metabolic
HSD17B3,9q22.32,605573,"46,XY disorder of sex development due to 17-beta-hydroxysteroid dehydrogenase 3 deficiency",Autosomal recessive,Genital,Genital
HSD17B4,5q21,601860,D-bifunctional protein deficiency,Autosomal recessive,Primary Renal,Tubulo-interstitial
HSD3B2,1p12,613890,Congenital adrenal hyperplasia due to 3-beta-hydroxysteroid dehydrogenase deficiency,Autosomal recessive,Genital,Genital
HSPA9,5q31.2,600548,Even-plus syndrome,Autosomal recessive,Primary Renal,Congenital or developmental
HSPG2,1p36.12,142461,Schwartz-Jampel syndrome,Autosomal recessive,Primary Renal,Congenital or developmental
HYLS1,11q24.2,610693,Hydrolethalus syndrome,Autosomal recessive,Primary Renal,Congenital or developmental
ICK,6p12.1,612325,Endocrine-cerebroosteodysplasia,Autosomal recessive,Primary Renal,Tubulo-interstitial
IFT122,3q21.3-q22.1,606045,Cranioectodermal dysplasia type 1,Autosomal recessive,Primary Renal,Congenital or developmental
IFT140,16p13.3,614620,Short rib-polydactyly syndrome (Jeune's syndrome) type 9,Autosomal recessive,Primary Renal,Congenital or developmental
IFT172,2p23.3,607386,"Bardet-Biedl syndrome, Short rib-polydactyly syndrome (Jeune's syndrome) type 10",Autosomal recessive,Primary Renal,Congenital or developmental
IFT27,22q12.3,615870,Bardet-Biedl syndrome 19,Autosomal recessive,Primary Renal,Congenital or developmental
IFT43,14q24.3,614068,Cranioectodermal dysplasia type 3,Autosomal recessive,Primary Renal,Congenital or developmental
IFT80,3q25.33,611177,"Short rib-polydactyly syndrome, Verma-Naumoff type",Autosomal recessive,Primary Renal,Congenital or developmental
IKBKAP,9q31,603722,"Familial dysautonomia, Hereditary sensory and autonomic neuropathy type 3, hsan3",Autosomal recessive,Primary Renal,Congenital or developmental
INF2,14q32.33,610982,Focal Segmental Glomerulosclerosis 5 Charcot-Marie-Tooth disease E,Autosomal dominant,Primary Renal,Glomerular
INPP5E,9q34.3,613037,Joubert syndrome with hepatic defectJoubert Syndrome 1,Autosomal recessive,Primary Renal,Congenital or developmental
INPPL1,11q13.4,600829,Opsismodysplasia,Autosomal recessive,Primary Renal,Electrolytes_Metabolic
INSR,19p13.2,147670,Rabson-Mendenhall syndrome,Autosomal recessive,Genital,Genital
INVS,9q31.1,243305,"Senior-Loken syndrome, Nephronophthisis 2, infantile",Autosomal recessive,Primary Renal,Congenital or developmental
IQCB1,3q13.33; 3q21.1,609237,Senior-loken syndrome 5,Autosomal recessive,Primary Renal,Congenital or developmental
IRF6,1q32.2,607199,Popliteal pterygium syndrome 1,Autosomal dominant,Genital,Genital
ITGA3,17q21.33,605025,"Interstitial lung disease, nephrotic syndrome, and epidermolysis bullosa, congenital ",Autosomal recessive,Primary Renal,Glomerular
ITGA6,2q31.1,147556,"Junctional epidermolysis bullosa-pyloric atresia syndrome, Epidermolysis bullosa, junctional, with pyloric stenosis",Autosomal recessive,Primary Renal,Congenital or developmental
ITGA8,10p13,604063,Renal hypodysplasia-aplasia 1,Autosomal recessive,Primary Renal,Congenital or developmental
ITGB4,17q25.1,147557,"Epidermolysis bullosa, junctional, with pyloric atresia",Autosomal recessive,Primary Renal,Congenital or developmental
JAG1,20p12.2,601920,Alagille syndrome type 1,Autosomal dominant,Primary Renal,Congenital or developmental
JAM3,11q25,606871,"Hemorrhagic destruction of the brain, subependymal calcification, and cataracts",Autosomal recessive,Primary Renal,Congenital or developmental
KANK1,9p24.3,607704,Nephroticsyndrome,Autosomal recessive,Primary Renal,Glomerular
KANK2,19p13.2,614610,Palmoplantar keratoderma and woolly hair,Autosomal recessive,Primary Renal,Glomerular
KANK4,1p31.3,614612,Nephrotic syndrome,Autosomal recessive,Primary Renal,Glomerular
KANSL1,17q21.31,612452,Koolen-De Vries Syndrome,Autosomal dominant,Primary Renal,Congenital or developmental
KAT6B,10q22.2,605880,Genitopatellar syndrome,Autosomal dominant,Primary Renal,Congenital or developmental
KCNA1,12p13.32,176260,Hypomagnesemia associated with myokymia,Autosomal dominant,Primary Renal,Electrolytes_Metabolic
KCNH1,1q32.2,603305,Zimmermann-Laband syndrome 1,Autosomal dominant,Primary Renal,Electrolytes_Metabolic
KCNJ1,11q24.3,600359,"Bartter's syndrome, type 2",Autosomal recessive,Primary Renal,Electrolytes_Metabolic
KCNJ10,1q23.2,602208,"Seizures, sensorineural deafness, ataxia, mental retardation, and electrolyte imbalance (sesame syndrome)",Autosomal recessive,Primary Renal,Electrolytes_Metabolic
KCNJ5,11q243,600734,"Hyperaldosteronism,familial,type 3",Autosomal dominant,Secondary Renal,Secondary Renal
KCTD1,18q11.2,613420,Scalp-Ear-Nipple Syndrome,Autosomal dominant,Primary Renal,Congenital or developmental
KDM1A,1p36.12,609132,"Cleft palate, psychomotor retardation, and distinctive facial features",Autosomal dominant,Genital,Genital
KDM6A,Xp11.3,300128,Kabuki syndrome,X-linked dominant,Primary Renal,Congenital or developmental
KIF14,1q32.1,611279,Meckel syndrome 12,Autosomal recessive,Primary Renal,Congenital or developmental
KIF7,15q26.1,611254,Acrocallosal syndrome,Autosomal recessive,Primary Renal,Congenital or developmental
KL,13q13.1,604824,"Tumoral calcinosis, hyperphosphatemic",Autosomal recessive,Primary Renal,Electrolytes_Metabolic
KLHL3,5q31.2,605775,"Pseudohypoaldosteronism, type 2d",Autosomal dominant or recessive,Primary Renal,Electrolytes_Metabolic
KMT2D,12q13.12,602113,Kabuki syndrome 1,Autosomal dominant,Primary Renal,Congenital or developmental
KRAS,12p12.1,190070,Cardiofaciocutaneous syndrome,Autosomal dominant,Primary Renal,Congenital or developmental
KYNU,2q22.2,605197,Hydroxykynureninuria,Autosomal recessive,Primary Renal,Electrolytes_Metabolic
LAMB2,3p21.31,150325,"Nephrotic syndrome, type 5, with or without ocular abnormalities Pierson Syndrome",Autosomal recessive,Primary Renal,Glomerular
LAMB3,1q32.2,150310,"Amelogenesis imperfecta, type IA; Epidermolysis bullosa, junctional, Herlitz type; Epidermolysis bullosa, junctional, non-Herlitz type",Autosomal recessive,Primary Renal,Congenital or developmental
LAMC2,1q25.3,150292,"Epidermolysis bullosa, junctional, Herlitz type; Epidermolysis bullosa, junctional, non-Herlitz type",Autosomal recessive,Primary Renal,Glomerular
LARS,5q32,151350,Infantile liver failure syndrome 1,Autosomal recessive,Secondary Renal,Secondary Renal
LCAT,16q22.1,606967,Norum disease,Autosomal recessive,Primary Renal,Electrolytes_Metabolic
LDHA,11p15.1,150000,Glycogen storage disease XI,Autosomal recessive,Primary Renal,Electrolytes_Metabolic
LFNG,7q22.3,602576,Autosomal recessive spondylocostal dysostosis,Autosomal recessive,Primary Renal,Congenital or developmental
LMBRD1,6q13,612625,"Methylmalonic aciduria and homocystinuria, cblF type",Autosomal recessive,Primary Renal,Electrolytes_Metabolic
LMNA,1q22,150330,"Atypical Werner syndrome Laminopathy type Decaudain-Vigouroux LMNA-related cardiocutaneous progeria syndrome, Restrictive Dermopathy, Lethal",Autosomal dominant or recessive,Primary Renal,Glomerular
LMX1B,9q33.3,602575,Nail-patella syndrome,Autosomal dominant,Primary Renal,Glomerular
LONP1,19p13.3,605490,CODAS syndrome,Autosomal recessive,Primary Renal,Congenital or developmental
LPIN1,2p25.1,605518,"Myoglobinuria, acute recurrent",Autosomal recessive,Primary Renal,Electrolytes_Metabolic
LRIG2,1p13.1,608869,"Ochoa syndrome, Urofacial Syndrome 2",Autosomal recessive,Primary Renal,Congenital or developmental
LRP2,2q31.1,600073,Donnai-barrow syndrome,Autosomal recessive,Primary Renal,Electrolytes_Metabolic
LRP4,11p11.2,604270,Cenani-lenz syndactyly syndrome,Autosomal recessive,Primary Renal,Congenital or developmental
LTBP4,19q13.2,604710,"Cutis laxa, autosomal recessive, type IC",Autosomal recessive,Primary Renal,Congenital or developmental
LYZ,12q15,153450,"Amyloidosis, familial visceral, renal",Autosomal dominant,Primary Renal,Glomerular
LZTFL1,3p21.31,606568,Bardet Biedl syndrome type 17,Autosomal recessive,Primary Renal,Congenital or developmental
MAFB,20q12,608968,Multicentric carpo-tarsal osteolysis with or without nephropathy,Autosomal dominant,Primary Renal,Electrolytes_Metabolic
MAGED2,Xp11.21,300470,"Bartter syndrome, type 5, antenatal, transient",X-linked recessive,Primary Renal,Electrolytes_Metabolic
MAP2K1,15q22.31,176872,Cardiofaciocutaneous syndrome,Autosomal dominant,Primary Renal,Congenital or developmental
MAP2K2,19p13.3,601263,Cardiofaciocutaneous syndrome,Autosomal dominant,Primary Renal,Congenital or developmental
MAPRE2,18q12.1-q12.2,605789,"Symmetric circumferential skin creases congenital, 2",Autosomal dominant,Primary Renal,Congenital or developmental
MBTPS2,xp22.12,300294,IFAP Syndrome with or without Bresheck Syndrome,X-linked recessive,Primary Renal,Congenital or developmental
MEFV,16p13.3,608107,Familial Mediterranean fever,Autosomal recessive,Secondary Renal,Secondary Renal
MESP2,15q26.1,605195,Autosomal recessive spondylocostal dysostosis,Autosomal recessive,Primary Renal,Congenital or developmental
MKKS,20p12.2,604896,"Bardet-biedl syndrome 6, McKusick-Kaufman syndrome",Autosomal recessive,Primary Renal,Congenital or developmental
MKS1,17q22,609883,"Meckel syndrome 1, Bardet-Biedl syndrome 13",Autosomal recessive,Primary Renal,Congenital or developmental
MLH1,3p22.2,120436,Muir-Torre syndrome,Autosomal dominant or recessive,Cancer,Cancer
MMACHC,1p34.1,609831,"Methylmalonic aciduria and homocystinuria, cblc type",Autosomal recessive,Primary Renal,Electrolytes_Metabolic
MNX1,7q36.3,142994,Currarino syndrome,Autosomal dominant,Primary Renal,Congenital or developmental
MRPS22,3q23,605810,Combined oxidative phosphorylation deficiency 5,Autosomal recessive,Primary Renal,Electrolytes_Metabolic
MSH2,2p21-p16,609309,"Muir-Torre syndrome colorectal cancer, hereditary, nonpolyposis, type 1",Autosomal dominant or recessive,Cancer,Cancer
MSH6,2p16.3,600678,Muir-Torre syndrome,Autosomal dominant or recessive,Cancer,Cancer
MTM1,Xq29,300415,Myotubular myopathy,X-linked recessive,Primary Renal,Electrolytes_Metabolic
MUC1,1q22,158340,Medullary cystic kidney disease 1,Autosomal dominant,Primary Renal,Tubulo-interstitial
MUT,6p12.3,609058,Vitamin B12-unresponsive methylmalonic acidemia type mut0,Autosomal recessive,Primary Renal,Electrolytes_Metabolic
MVK,12q2411,251170,Mevalonic aciduria,Autosomal recessive,Secondary Renal,Secondary Renal
MYCN,2p24.3,164840,Feingold syndrome,Autosomal dominant,Primary Renal,Congenital or developmental
MYH9,22q13.1,160775,Fechtner syndrome; Epstein Syndrome,Autosomal dominant,Primary Renal,Glomerular
MYO1E,15q21-q22,601479,"Glomerulosclerosis, focal segmental, 6",Autosomal recessive,Primary Renal,Glomerular
NAA10,Xq28,300013,"Microphthalmia, Lenz type, Microphthalmia, syndromic 1",X-linked recessive,Primary Renal,Congenital or developmental
NARS2,11q14.1,612803,Combined oxidative phosphorylation deficiency 24,Autosomal recessive,Primary Renal,Glomerular
NBN,8q21.3,602667,Nijmegen breakage syndrome,Autosomal recessive,Primary Renal,Congenital or developmental
PVRL1,11q23.3,600644,"Cleft lip,palate-ectodermal dysplasia syndrome",Autosomal recessive,Primary Renal,Congenital or developmental
NEK1,4q33,604588,Short rib-polydactyly syndrome (Jeune's syndrome) type 6,Autosomal recessive,Primary Renal,Congenital or developmental
NEK8,17q11.1,609799,Nephronophthisis 9 Renal-heaptic-pancreatic dysplasia 2,Autosomal recessive,Primary Renal,Congenital or developmental
KIAA2022,Xq13.3,300524,"Mental retardation, X-linked 98",X-linked recessive,Primary Renal,Electrolytes_Metabolic
NF1,17q11.2,613113,"Neurofibromatosis, type I",Autosomal dominant,Cancer,Cancer
NHP2,5q35.3,606470,Dyskeratosis congenita,Autosomal recessive,Genital,Genital
NIPBL,5p13.2,608667,Cornelia de lange syndrome type 1,Autosomal dominant,Primary Renal,Congenital or developmental
NLRP3,1q44,606416,Muckle-wells syndrome Familial cold-induced inflammatory syndrome 1,Autosomal dominant,Primary Renal,Glomerular
NOTCH2,1p12,600275,"Acroosteolysis dominant type, Alagille syndrome 2, Hajdu-Cheney Syndrome",Autosomal dominant,Primary Renal,Congenital or developmental
NOTCH3,19p13.12,600276,"Infantile myofibromatosis, Cerebral arteriopathy with subcortical infarcts and leukoencephalopathy 1, Lateral meningocele syndrome",Autosomal dominant,Primary Renal,Congenital or developmental
NPHP1,2q13,607100,"Bardet-Biedl syndrome, Nephronophthisis 1 (juvenile), Senior-Loken syndrome, Joubert syndrome 4",Autosomal recessive,Primary Renal,Congenital or developmental
NPHP3,3q22.1,608002,"Senior-Loken syndrome, Nephronophthisis 3 (adolescent), Meckel syndrome 7, Renal-hepatic-pancreatic dysplasia",Autosomal recessive,Primary Renal,Congenital or developmental
NPHP4,1p36,607215,Nephronophthisis 4 Senior-Loken syndrome 4,Autosomal recessive,Primary Renal,Congenital or developmental
NPHS1,19q13.12,602716,"Congenital nephrotic syndrome, Finnish type",Autosomal recessive,Primary Renal,Glomerular
NPHS2,1q25.2,604766,Nephrotic syndrome type 2,Autosomal recessive,Primary Renal,Glomerular
NR0B1,Xp21.2,300473,"Adrenal hypoplasia, congenital, with hypogonadotropic hypogonadism",X-linked recessive,Secondary Renal,Secondary Renal
NR3C2,4q31.1,600983,"Pseudohypoaldosteronism Type I, autosomal dominant Hypertension, Early-Onset, Autosomal Dominant, With Exacerbation in Pregnancy",Autosomal dominant,Primary Renal,Electrolytes_Metabolic
NSD1,5q35,606681,"Sotos syndrome 1; Beckwith-Wiedemann syndrome, BWS",Autosomal dominant,Primary Renal,Congenital or developmental
NSDHL,Xq28,300275,CHILD syndrome,X-linked dominant or recessive,Primary Renal,Congenital or developmental
NUP107,12q15,607617,"Nephrotic syndrome, type 11",Autosomal recessive,Primary Renal,Glomerular
NUP205,7q33,614352,"Nephrotic syndrome, type 13",Autosomal recessive,Primary Renal,Glomerular
NUP93,16q13,614351,"Nephrotic Syndrome, Type 12	",Autosomal recessive,Primary Renal,Glomerular
OCLN,5q13.2,602876,Band-like calcification with simplified gyration and polymicogyria,Autosomal recessive,Primary Renal,Congenital or developmental
OCRL,Xq25,300535,Dent disease 2 Lowe syndrome,X-linked recessive,Primary Renal,Electrolytes_Metabolic
OFD1,Xp22.2,300170,"Joubert syndrome type 10, Orofaciodigital syndrome I, Golabi-Behmel syndrome, type 2",X-linked dominant or recessive,Primary Renal,Congenital or developmental
OPLAH,8q24.3,614243,5-oxoprolinase deficiency,Autosomal recessive,Primary Renal,Electrolytes_Metabolic
PAF1,19q131,610506,Zellweger syndrome 3,Autosomal recessive,Cancer,Cancer
PALB2,16p12.2,610355,"Fanconi Anemia, Complementation Group N",Autosomal recessive,Primary Renal,Congenital or developmental
PAX2,10q24.31,167409,"Renal coloboma syndrome, FSGS 7, Papillorenal Syndrome, PAPRS",Autosomal dominant,Primary Renal,Congenital or developmental
PC,11q13.2,608786,Pyruvate carboxylase deficiency,Autosomal recessive,Primary Renal,Electrolytes_Metabolic
PDE6D,2q37.1,602676,Joubert's syndrome type 22,Autosomal recessive,Primary Renal,Congenital or developmental
PDSS1,10p12.1,607429,"Coenzyme Q10 deficiency, primary, 2",Autosomal recessive,Primary Renal,Glomerular
PDSS2,6q21,610564,"Coenzyme q10 deficiency, primary, 3",Autosomal recessive,Primary Renal,Glomerular
PET100,19p13.2,614770,Mitochondrial Complex 4 deficiency,Autosomal recessive,Primary Renal,Electrolytes_Metabolic
PEX1,7q21.2,602136,Zellweger syndrome,Autosomal recessive,Primary Renal,Electrolytes_Metabolic
PEX10,1p36.32,602859,Zellweger syndrome,Autosomal recessive,Primary Renal,Electrolytes_Metabolic
PEX11B,1q21.1,603867,Zellweger syndrome,Autosomal recessive,Primary Renal,Electrolytes_Metabolic
PEX12,17q12,601758,Zellweger syndrome,Autosomal recessive,Primary Renal,Electrolytes_Metabolic
PEX13,2p15,601789,Zellweger syndrome,Autosomal recessive,Primary Renal,Electrolytes_Metabolic
PEX14,1p36.22,601791,Zellweger syndrome,Autosomal recessive,Primary Renal,Electrolytes_Metabolic
PEX16,11p11.2,603360,Zellweger syndrome,Autosomal recessive,Primary Renal,Electrolytes_Metabolic
PEX19,1q23.2,600279,Zellweger syndrome,Autosomal recessive,Primary Renal,Electrolytes_Metabolic
PEX2,8q21.11,170993,Zellweger syndrome,Autosomal recessive,Primary Renal,Electrolytes_Metabolic
PEX26,22q11.21,608666,Zellweger syndrome,Autosomal recessive,Primary Renal,Electrolytes_Metabolic
PEX3,6q24.2,603164,Zellweger syndrome,Autosomal recessive,Primary Renal,Electrolytes_Metabolic
PEX5,3q26.33,600414,Zellweger syndrome,Autosomal recessive,Primary Renal,Electrolytes_Metabolic
PEX6,6p21.1,601498,Zellweger syndrome,Autosomal recessive,Primary Renal,Electrolytes_Metabolic
PGK1,Xq21.1,311800,Phosphoglycerate kinase 1 deficiency,X-linked recessive,Primary Renal,Glomerular
PGM3,6q14.1,172100,Immunodeficiency 23,Autosomal recessive,Primary Renal,Glomerular
PHEX,Xp22.2-p22.1,300550,Hypophosphatemic rickets,X-linked dominant,Primary Renal,Electrolytes_Metabolic
PHGDH,1p12,606879,Neu-Laxova syndrome 1,Autosomal recessive,Primary Renal,Congenital or developmental
PIEZO2,18p11.22-p11.21,613629,Marden-Walker Syndrome,Autosomal dominant,Primary Renal,Congenital or developmental
PIGA,X22.2,311770,Multiple Congenital anomalies-hypotonia-seizures syndrome 2,X-linked recessive,Primary Renal,Congenital or developmental
PIGL,17p11.2,605947,CHIME syndrome,Autosomal recessive,Primary Renal,Congenital or developmental
PIGN,18q21.33,606097,Multiple congenital anomalies-hypotonia-seizures syndrome 1,Autosomal recessive,Primary Renal,Congenital or developmental
PIGT,20q13.12,610272,Multiple congenital anomalies-hypotonia-seizures syndrome 3,Autosomal recessive,Primary Renal,Congenital or developmental
PIK3CA,3q26.32,171834,Cowden syndrome,Autosomal dominant,Primary Renal,Congenital or developmental
PIK3R2,19p13.11,603157,Megalencephaly-polymicogyria-polydactyly-hyodrcephalus syndrome 1,Autosomal dominant,Primary Renal,Congenital or developmental
PITX2,4q25,601542,"Axenfeld-Rieger syndrome, type 1; Iridogoniodysgenesis, type 2; Peters anomaly; Ring dermoid of cornea",Autosomal dominant,Genital,Genital
PKD1,16p13.3,601313,Polycystic kidney disease 1,Autosomal dominant,Primary Renal,Congenital or developmental
PKD2,4q22.1,173910,Polycystic kidney disease 2,Autosomal dominant,Primary Renal,Congenital or developmental
PKHD1,6p12.3-p12.2,606702,"autosomal recessive polycystic kidney disease, Polycystic and hepatic disease",Autosomal recessive,Primary Renal,Congenital or developmental
PLCE1,10q23.3,608414,Nephrotic syndrome type 3,Autosomal recessive,Primary Renal,Glomerular
PLG,6q26,173350,"Plasminogen deficiency, Type I",Autosomal recessive,Secondary Renal,Secondary Renal
PLOD1,1p36.22,153454,"Ehlers-Danlos syndrome, type 6",Autosomal recessive,Primary Renal,Congenital or developmental
PMM2,16p13.2,601785,"Congenital disorder of glycosylation, type Ia",Autosomal recessive,Primary Renal,Electrolytes_Metabolic
PNPLA6,19p13.2,603197,Laurence-Moon syndrome,Autosomal recessive,Genital,Genital
POMC,2p23.3,176830,"Obesity, adrenal insufficiency, and red hair due to POMC deficiency",Autosomal recessive,Secondary Renal,Secondary Renal
POMT1,9q34.13,607423,"Muscular dystrophy-dystroglycanopathy, type A, 1",Autosomal recessive,Primary Renal,Congenital or developmental
POR,7q11.23,124015,"Congenital adrenal hyperplasia due to cytochrome P450 oxidoreductase deficiency, Antley-Bixler Syndrome with Genital Anomalies and Disordered Steroidogenesis",Autosomal recessive,Primary Renal,Congenital or developmental
PORCN,Xp11.23,300651,Focal dermal hypoplasia,X-linked dominant,Primary Renal,Congenital or developmental
PPP1R15B,1q32.1,613257,"Microcephaly, short stature, and impaired glucose metabolism 2",Autosomal recessive,Primary Renal,Congenital or developmental
PQBP1,Xp11.23,300463,Renpenning Syndrome 1,X-linked recessive,Primary Renal,Congenital or developmental
PRKCD,3p21.1,176977,"Autoimmune lymphoproliferative syndrome, type 2",Autosomal recessive,Primary Renal,Glomerular
PRODH,22q11.21,606810,"Hyperprolinemia, type I",Autosomal recessive,Secondary Renal,Secondary Renal
PROKR2,20p123,607123,"Kallmann syndrome 3, kal3 (hypogonadotropic hypogonadism 3 with or without anosmia)",Autosomal dominant,Genital,Genital
PRPS1,Xq22.3,311850,Phosphoribosylpyrophosphate Synthetase Syperactivity,X-linked recessive,Secondary Renal,Secondary Renal
PSAP,10q22.1,176801,Metachromatic leukodystrophy due to SAP-b deficiency,Autosomal recessive,Secondary Renal,Secondary Renal
PTEN,10q23.31,601728,"Cowden syndrome, VATER association with macrocephaly and ventriculomegaly",Autosomal dominant,Primary Renal,Congenital or developmental
PTH,11p15.3,168450,Hypoparathyroidism,Autosomal dominant,Secondary Renal,Secondary Renal
PTH1R,3p21.31,168468,"Metaphyseal chondrodysplasia, Murk Jansen type",Autosomal dominant or recessive,Secondary Renal,Secondary Renal
PTPN11,12q24.13,176876,Noonan syndrome with multiple lentiginesLeopard syndrome 1,Autosomal dominant,Primary Renal,Congenital or developmental
PTPRO,12p13.3-p13.2; 12p13-p12,600579,"Nephrotic syndrome, type 6",Autosomal recessive,Primary Renal,Glomerular
PUF60,8q24.3,604819,Verheij syndrome,Autosomal dominant,Primary Renal,Congenital or developmental
PYGM,11q13.1,608455,McArdle Disease,Autosomal recessive,Primary Renal,Electrolytes_Metabolic
RAB18,10p12.1,602207,Micro syndrome,Autosomal recessive,Primary Renal,Congenital or developmental
RAB23,6p12.1-p11.2,606144,Carpenter syndrome,Autosomal recessive,Primary Renal,Congenital or developmental
RAB3GAP1,2q21.3,602536,Micro syndrome,Autosomal recessive,Primary Renal,Congenital or developmental
RAB3GAP2,1q41,609275,Micro syndrome,Autosomal recessive,Primary Renal,Congenital or developmental
RAD51C,17q22,602774,"Fanconi anemia, complementation group O",Autosomal recessive,Primary Renal,Congenital or developmental
RAI1,17p11.2,607642,Smith-Magenis syndrome Yuan-Harel-Lupski syndrome,Autosomal dominant,Primary Renal,Congenital or developmental
RAP1A,1p13.2,179520,Kabuki syndrome,Autosomal dominant,Primary Renal,Congenital or developmental
RAP1B,12q15,179530,Kabuki syndrome,Autosomal dominant,Primary Renal,Congenital or developmental
RBBP8,18q11.2,604124,Seckel Syndrome 2,Autosomal recessive,Primary Renal,Congenital or developmental
RBM10,Xp11.3,300080,TARP syndrome,X-linked recessive,Primary Renal,Congenital or developmental
RBM8A,1q21.1,605313,Thrombocytopenia-absent radius syndrome,Autosomal recessive,Primary Renal,Congenital or developmental
RECQL4,8q24.3,603780,Baller-gerold syndrome,Autosomal recessive,Primary Renal,Congenital or developmental
REN,1q32.1,179820,"Renal tubular dysgenesis hyperuricemic nephropathy, familial juvenile 2 ",Autosomal dominant or recessive,Primary Renal,Tubulo-interstitial
RERE,1p36.23,605226,"Neurodevelopmental disorder with or without anomalies of the brain, eye, or heart",Autosomal dominant,Primary Renal,Congenital or developmental
RET,10q11.21,164761,"Renal agenesis, bilateral",Autosomal recessive,Primary Renal,Congenital or developmental
RIN2,20p11.23,610222,"Macrocephaly, alopecia, cutis laxa, and scoliosis",Autosomal recessive,Primary Renal,Congenital or developmental
RIPK4,21q22.3,605706,"Popliteal pterygium syndrome, Bartsocas-Papas type",Autosomal recessive,Genital,Genital
RIPPLY2,6q14.2,609891,Autosomal recessive spondylocostal dysostosis,Autosomal recessive,Primary Renal,Congenital or developmental
RMND1,6q25.1,614917,Combined oxidative phosphorylation deficiency 11,Autosomal recessive,Primary Renal,Electrolytes_Metabolic
ROBO2,3p12.3,602431,Vesicoureteral reflux 2,Autosomal dominant,Primary Renal,Congenital or developmental
ROR2,9q22.31,602337,Robinow syndrome,Autosomal recessive,Primary Renal,Congenital or developmental
RPGRIP1L,16q12.2,610937,"Meckel syndrome 5, Joubert syndrome 7, COACH syndrome",Autosomal recessive,Primary Renal,Congenital or developmental
RPL11,1p36.11,604175,Diamond-Blackfan anemia 7,Autosomal dominant,Primary Renal,Congenital or developmental
RPL26,17p13.1,603704,Diamond-Blackfan anemia 11,Autosomal dominant,Primary Renal,Congenital or developmental
RPL35A,3q29,180468,Blackfan-Diamond anemia,Autosomal dominant,Primary Renal,Congenital or developmental
RPL5,1p22.1,603634,Blackfan-Diamond anemia,Autosomal dominant,Primary Renal,Congenital or developmental
RPS10,6p21.31,603632,Blackfan-Diamond anemia,Autosomal dominant,Primary Renal,Congenital or developmental
RPS17,15q25.2,180472,Blackfan-Diamond anemia,Autosomal dominant,Primary Renal,Congenital or developmental
RPS19,19q13.2,603474,Diamond-Blackfan anemia 1,Autosomal dominant,Primary Renal,Congenital or developmental
RPS24,10q22.3,602412,Blackfan-Diamond anemia,Autosomal dominant,Primary Renal,Congenital or developmental
RPS26,12q13.2,603701,Diamond-Blackfan anemia 10,Autosomal dominant,Primary Renal,Congenital or developmental
RPS28,19p13.2,603685,Blackfan-Diamond anemia,Autosomal dominant,Primary Renal,Congenital or developmental
RPS29,14q21.3,603633,Blackfan-Diamond anemia,Autosomal dominant,Primary Renal,Congenital or developmental
RPS7,2p25.3,603658,Blackfan-Diamond anemia,Autosomal dominant,Primary Renal,Congenital or developmental
RRM2B,8q22.3,604712,Mitochondrial DNA depletion syndrome 8A,Autosomal recessive,Primary Renal,Electrolytes_Metabolic
RTTN,18q22.2,610436,"Microsephaly, short stature, and polymicogyria with or without seizures",Autosomal recessive,Primary Renal,Congenital or developmental
SALL1,16q12.1,602218,Townes-Brocks Branchiootorenal-like Syndrome,Autosomal dominant,Primary Renal,Congenital or developmental
SALL4,20q13.2,607343,"Acro-renal-ocular syndrome, Duane-Radial Ray Syndrome IVIC Syndrome",Autosomal dominant,Primary Renal,Congenital or developmental
SARS2,19q13.2,612804,"Hyperuricemia, pulmonary hypertension, renal failure and alkalosis",Autosomal recessive,Secondary Renal,Secondary Renal
SBDS,7q11.21,607444,Shwachman-Diamond syndrome,Autosomal recessive,Primary Renal,Electrolytes_Metabolic
SC5D,11q23.3-q24.1,602286,Lathosterolosis,Autosomal recessive,Primary Renal,Congenital or developmental
SCARB2,4q21.1,602257,"Epilepsy, Progressive Myoclonic, 4 with or without Renal Failure",Autosomal recessive,Primary Renal,Glomerular
SCN4A,17q233,603967,"Hypokalemic periodic paralysis, hokpp type2",Autosomal dominant,Secondary Renal,Secondary Renal
SCNN1A,12p13.31,600228,"Pseudohypoaldosteronism, Type I",Autosomal recessive,Primary Renal,Electrolytes_Metabolic
SCNN1B,16p12.2,600760,Liddle syndrome,Autosomal dominant or recessive,Primary Renal,Electrolytes_Metabolic
SCNN1G,16p12,600761,"Pseudohypoaldosteronism, type 1 Liddle Syndrome",Autosomal dominant or recessive,Primary Renal,Electrolytes_Metabolic
SCO1,17p13.1,603644,Mitochondrial Complex 4 deficiency,Autosomal recessive,Primary Renal,Electrolytes_Metabolic
SDCCAG8,1q43,613524,"Senior loken syndrome type 7, Bardet-Biedl Syndrome 16",Autosomal recessive,Primary Renal,Congenital or developmental
SDHB,1p36.1-p35,185470,"Cowden Syndrome 2, Pheochormocytoma Paragangliomas 4",Autosomal dominant,Cancer,Cancer
SDHC,1q23.3,602413,Cowden syndrome,Autosomal dominant,Cancer,Cancer
SDHD,11q23.1,602690,Pheochromocytoma Cowden syndrome 3,Autosomal dominant or recessive,Cancer,Cancer
SEMA3E,7q21.11,608166,Charge syndrome,Autosomal dominant,Primary Renal,Congenital or developmental
SERPINH1,11q13.5,600943,"Osteogenesis imperfecta, type X",Autosomal recessive,Primary Renal,Congenital or developmental
SETBP1,18q12.3,611060,Schinzel-Giedion Midface Retraction Syndrome,Autosomal dominant,Primary Renal,Congenital or developmental
SF3B4,1q21.2,605593,"Nager syndrome, Acrofacial dysostosis 1, Nager type",Autosomal dominant,Primary Renal,Congenital or developmental
SHH,7q36.3,600725,Single median maxillary central incisor holoprosencephaly 3,Autosomal dominant,Primary Renal,Congenital or developmental
SI,3q26.1,609845,"Sucrase-isomaltase deficiency, congenital",Autosomal recessive,Primary Renal,Electrolytes_Metabolic
SIX1,14q23.1,601205,Branchio-oto-renal syndrome,Autosomal dominant,Primary Renal,Congenital or developmental
SIX2,2p21,604994,Renal hypodysplasia,Autosomal dominant,Primary Renal,Congenital or developmental
SIX5,19q13.32,600963,Branchio-oto-renal syndrome 2,Autosomal dominant,Primary Renal,Congenital or developmental
SLC12A1,15q21.1,600839,"Bartter syndrome, type 1, antenatal",Autosomal recessive,Primary Renal,Electrolytes_Metabolic
SLC12A3,16q13,600968,Gitelman syndrome,Autosomal recessive,Primary Renal,Electrolytes_Metabolic
SLC16A12,10q23.31,611910,"Cataract, juvenile, with microcornea and glucosuria",Autosomal dominant,Primary Renal,Electrolytes_Metabolic
SLC1A1,9p24.2,133550,Dicarboylic aminoaciduria,Autosomal recessive,Primary Renal,Electrolytes_Metabolic
SLC22A12,11q13.1,607096,"Hypouricemia, renal, 1, rhuc1",Autosomal recessive,Primary Renal,Electrolytes_Metabolic
SLC25A1,4p16.3,190315,Combined D-2- and L-2-hydroxyglutaric aciduria,Autosomal recessive,Primary Renal,Electrolytes_Metabolic
SLC26A4,7q223,605646,Pendred syndrome,Autosomal recessive,Primary Renal,Electrolytes_Metabolic
SLC2A10,20q1312,606145,"Arterial tortuosity syndrome,ats",Autosomal recessive,Secondary Renal,Secondary Renal
SLC2A2,3q26.2,138160,Fanconi-Bickel syndrome,Autosomal recessive,Primary Renal,Electrolytes_Metabolic
SLC2A9,4p16.1,606142,"Hypouricemia, renal, 2",Autosomal dominant or recessive,Primary Renal,Electrolytes_Metabolic
SLC34A1,5q35.3,182309,"Fanconi renotubular syndrome 2 hypercalcemia, infantile, 2 nephrolithiasis,osteoporosis, hypophosphatemic, 1",Autosomal recessive,Primary Renal,Electrolytes_Metabolic
SLC34A3,9q34.3,609826,"Hypophosphatemic rickets with hypercalciuria, hereditary",Autosomal recessive,Primary Renal,Electrolytes_Metabolic
SLC36A2,5q33.1,608331,Hyperglycinuria,Autosomal dominant or recessive,Primary Renal,Electrolytes_Metabolic
SLC3A1,2p21,104614,Cystinuria,Autosomal dominant or recessive,Primary Renal,Electrolytes_Metabolic
SLC4A1,17q21.31,109270,"Renal tubular acidosis, distal",Autosomal dominant or recessive,Primary Renal,Electrolytes_Metabolic
SLC4A4,4q13.3,603345,"Renal tubular acidosis, proximal, with ocular abnormalities and mental retardation",Autosomal recessive,Primary Renal,Electrolytes_Metabolic
SLC5A2,16p11.2,182381,Renal glucosuria,Autosomal dominant or recessive,Primary Renal,Electrolytes_Metabolic
SLC6A19,5p15.33,608893,Hartnup Disorder Hyperglycinuria,Autosomal dominant or recessive,Primary Renal,Electrolytes_Metabolic
SLC6A20,3p21.31,605616,Hyperglycinuria,Autosomal dominant or recessive,Primary Renal,Electrolytes_Metabolic
SLC7A7,14q11.2,603593,Lysinuric protein intolerance,Autosomal recessive,Primary Renal,Electrolytes_Metabolic
SLC7A9,19q13.1,604144,Cystinuria,Autosomal dominant or recessive,Primary Renal,Electrolytes_Metabolic
SLC9A3R1,17q25.1,604990,"Nephrolithiasis,osteoporosis, hypophosphatemic, 2",Autosomal recessive,Primary Renal,Electrolytes_Metabolic
SLIT2,4p152,603746,Congenital Anomalies of the Kidney and the Urinary Tract,Autosomal dominant,Primary Renal,Congenital or developmental
SLX4,16p13.3,613278,"Fanconi anemia, complementation group P",Autosomal recessive,Primary Renal,Congenital or developmental
SMAD3,15q22.33,603109,Loeys-Dietz syndrome 3,Autosomal dominant,Primary Renal,Congenital or developmental
SMARCAL1,2q35,606622,Schimke immuno-osseous dysplasiaSchimke's immunoosseous dystrophy,Autosomal recessive,Primary Renal,Glomerular
SMARCE1,17q21.2,603111,Coffin-Siris syndrome,Autosomal dominant,Primary Renal,Congenital or developmental
SMC1A,Xp11.22,300040,Cornelia de Lange syndrome,X-linked dominant,Primary Renal,Congenital or developmental
SMOC1,14q24.2,608488,Microphthalmia with limb anomalies,Autosomal recessive,Primary Renal,Congenital or developmental
SNRPB,20p13,182282,Cerebrocostomandibular syndrome,Autosomal dominant or recessive,Primary Renal,Congenital or developmental
SOX11,2p25.2,600898,"Mental retardation, autosomal dominant, 27",Autosomal dominant,Primary Renal,Congenital or developmental
SOX17,8q11.23,610928,Vesicoureteral Reflux 3,Autosomal dominant,Primary Renal,Congenital or developmental
SOX18,20q13.33,601618,Hypotrichosis-lymphedema-telangiectasia-renal defect syndrome,Autosomal dominant or recessive,Primary Renal,Glomerular
SOX9,17q24.3,608160,Campomelic dysplasia,Autosomal dominant,Primary Renal,Congenital or developmental
SPECC1L,22q11.23,614140,"Opitz GBBB syndrome, type 2",Autosomal dominant,Primary Renal,Congenital or developmental
SPINT2,19q13.2,605124,"Diarrhea 3, secretory sodium, congenital, syndromic",Autosomal recessive,Primary Renal,Congenital or developmental
SRCAP,16p11.2,611421,Floating-Harbor syndrome,Autosomal dominant,Primary Renal,Congenital or developmental
STAR,8p11.23,600617,Lipoid adrenal hyperplasia,Autosomal recessive,Genital,Genital
STK11,19p13.3,602216,Peutz-Jeghers syndrome,Autosomal dominant,Primary Renal,Congenital or developmental
STRA6,15q24.1,610745,"Microphthalmia, syndromic 9, mcops9",Autosomal recessive,Primary Renal,Congenital or developmental
STRADA,17q23.3,608626,"Polyhydramnios, megalencephaly, and symptomatic epilepsy",Autosomal recessive,Primary Renal,Electrolytes_Metabolic
STUB1,16p13.3,607207,"Spinocerebellar ataxia, autosomal recessive 16",Autosomal recessive,Genital,Genital
STX16,20q13.32,603666,"Pseudohypoparathyroidism, type 1B",Autosomal dominant,Primary Renal,Electrolytes_Metabolic
SUCLA2,13q14.2,603921,"Mitochondrial dna depletion syndrome, encephalomyopathic form, with methylmalonic aciduria",Autosomal recessive,Primary Renal,Electrolytes_Metabolic
SUGCT,7p14.1,609187,Glutaric aciduria 3,Autosomal recessive,Primary Renal,Electrolytes_Metabolic
TACO1,17q23.3,612958,Mitochondrial Complex 4 deficiency,Autosomal recessive,Primary Renal,Electrolytes_Metabolic
TAPT1,4p15.32,612758,"Osteochondrodysplasia, complex lethal, Symoens-Barnes-Gistelinck type",Autosomal recessive,Primary Renal,Congenital or developmental
TBC1D20,20q13,611663,Micro syndrome,Autosomal recessive,Primary Renal,Congenital or developmental
TBC1D24,16p13.3,613577,DOOR syndrome,Autosomal recessive,Primary Renal,Congenital or developmental
TBCE,1q42.3,604934,"Hypoparathyroidism-retardation-dysmorphism syndrome; Kenny-Caffey syndrome, type 1",Autosomal recessive,Genital,Genital
TBX18,6q14.3,604613,Congenital hydronephrosisCongenital anomalies of Kidney and Urinary Tract 2,Autosomal dominant,Primary Renal,Congenital or developmental
TCTN2,12q24.31,613846,"Meckel-gruber syndrome type 8, Joubert syndrome 24",Autosomal recessive,Primary Renal,Congenital or developmental
TCTN3,10q24.1,613847,"Joubert syndrome 18, Orofaciodigital syndrome 4",Autosomal recessive,Primary Renal,Congenital or developmental
TFAP2A,6p24.3,107580,Branchiooculofacial Syndrome,Autosomal dominant,Primary Renal,Congenital or developmental
THOC6,16p13.3,615403,Beaulieu-Boycott-Innes Syndrome,Autosomal recessive,Primary Renal,Congenital or developmental
TMCO1,1q24.1,614123,"Craniofacial dysmorphism, skeletal anomalies, and mental retardation syndrome",Autosomal recessive,Primary Renal,Congenital or developmental
TMEM138,qq112.2,614459,Joubert syndrome 16,Autosomal recessive,Primary Renal,Congenital or developmental
TMEM216,11q12.2,613277,"Joubert syndrome 2, Meckel syndrome",Autosomal recessive,Primary Renal,Congenital or developmental
TMEM231,16q23.1,614949,"Joubert syndrome type 20, meckel-gruber syndrome type 11",Autosomal recessive,Primary Renal,Congenital or developmental
TMEM237,2q33.1,614423,Joubert syndrome type 14,Autosomal recessive,Primary Renal,Congenital or developmental
TMEM67,8q22.1,609884,"Nephronophtisis 11, Meckel Syndrome 3, Joubert syndrome 6, COACH syndrome",Autosomal recessive,Primary Renal,Congenital or developmental
TMEM70,8q21.11,612418,TMEM70-related mitochondrial encephalo-cardio-myopathy,Autosomal recessive,Primary Renal,Congenital or developmental
TNFRSF1A,12p1331,191190,Autosomal dominant periodic fever syndrome,Autosomal dominant,Secondary Renal,Secondary Renal
TNXB,6p21.33-p21.32,600985,Vesicoureteral Reflux 8 Ehlers-Danlos syndrome due to tenascin-X deficiency,Autosomal dominant or recessive,Primary Renal,Congenital or developmental
TP63,3q28,603273,"EEC syndrome, Ectrodactyly, ectodermal dysplasia, and cleft lip,palate syndrome 3",Autosomal dominant,Primary Renal,Congenital or developmental
TRAF3IP1,2q37.3,607380,Senior-Loken syndrome 9,Autosomal recessive,Primary Renal,Congenital or developmental
TRAIP,3p21.31,605958,Seckel syndrome 9,Autosomal recessive,Primary Renal,Congenital or developmental
TRAP1,16p133,606219,Congenital Anomalies of the Kidney and the Urinary Tract,Autosomal recessive,Primary Renal,Congenital or developmental
TREX1,3p21.31,606609,"HERNS syndromeVasculopathy, retinal, with cerebral leukodystrophy",Autosomal dominant or recessive,Primary Renal,Glomerular
TRIM32,9q33.1,602290,Bardet-biedl syndrome 11,Autosomal recessive,Primary Renal,Congenital or developmental
TRMT5,14q23.1,611023,Combined oxidative phosphorylation deficiency 26,Autosomal recessive,Primary Renal,Electrolytes_Metabolic
TRNT1,3p26.2,612907,"Sideroblastic anemia with B-cell immunodeficiency, periodic fevers, and developmental delay",Autosomal recessive,Primary Renal,Electrolytes_Metabolic
TRPC6,11q22.1,603652,Focal Segmental Glomerulosclerosis 2,Autosomal dominant,Primary Renal,Glomerular
TRPM6,9q21.13,607009,"Hypomagnesemia 1, intestinal",Autosomal recessive,Primary Renal,Electrolytes_Metabolic
TSC1,9q34,605284,Tuberous Sclerosis-1,Autosomal dominant,Cancer,Cancer
TSC2,16p13.3,191092,Tuberous sclerosis-2,Autosomal dominant,Cancer,Cancer
TSR2,Xp11.22,300945,Blackfan-Diamond anemia,X-linked recessive,Primary Renal,Congenital or developmental
TTC21B,2q24.3,612014,Nephronophthisis 12,Autosomal recessive,Primary Renal,Congenital or developmental
TTC37,5q15,614589,Trichohepatonenteric syndrome 1,Autosomal recessive,Primary Renal,Congenital or developmental
TTC8,14q31.3,608132,Bardet-Biedl Syndrome 8,Autosomal recessive,Primary Renal,Congenital or developmental
TTR,18q12.1,176300,"Amyloidosis, hereditary, transthyretin-related",Autosomal dominant,Primary Renal,Glomerular
TWIST2,2q37.3,607556,Focal facial dermal dysplasia type 3,Autosomal dominant,Primary Renal,Congenital or developmental
TXNL4A,18q23,611595,Burn-McKeown syndrome,Autosomal recessive,Primary Renal,Congenital or developmental
UBE2T,1q32.1,610538,Fanconi anemia,Autosomal recessive,Primary Renal,Congenital or developmental
UBR1,15q15.2,605981,Johanson-Blizzard syndrome,Autosomal recessive,Primary Renal,Congenital or developmental
UMOD,16p12.3,191845,Medullary cystic kidney disease 2 hyperuricemic nephropathy glomerulocystic kidney disease,Autosomal dominant,Primary Renal,Tubulo-interstitial
UMPS,3q21.2,613891,Hereditary orotic aciduria,Autosomal recessive,Primary Renal,Electrolytes_Metabolic
UPB1,22q11.23,606673,Beta-ureidopropionase deficiency,Autosomal recessive,Primary Renal,Congenital or developmental
UPK3A,22q1331,611559,"Renal hypodysplasia, urogenital dysplasia",Autosomal dominant,Primary Renal,Congenital or developmental
UQCC2,6p21.31	,614461,"Mitochondrial complex 3 deficiency, nuclear type 7",Autosomal recessive,Primary Renal,Electrolytes_Metabolic
USP9X,Xp11.4,300072,"Mental retardation, X-linked 99, syndromic, female-restricted",X-linked dominant or recessive,Primary Renal,Congenital or developmental
VANGL1,1p13.1,610132,Caudal regression syndrome,Autosomal dominant,Primary Renal,Congenital or developmental
VHL,3p25.3,608537,Von Hippel-Lindau Syndrome,Autosomal dominant or recessive,Cancer,Cancer
VIPAS39,14q24.3,613401,"Arthrogryposis, renal dysfunction, and cholestasis 2; arcs2",Autosomal recessive,Primary Renal,Electrolytes_Metabolic
VPS33B,15q26.1,608552,"Arthrogryposis, renal dysfunction, and cholestasis 1; arcs1",Autosomal recessive,Primary Renal,Electrolytes_Metabolic
WAS,Xp11.23,300392,Wiskott-Aldrich syndrome,X-linked recessive,Primary Renal,Glomerular
WDPCP,2p15,613580,Bardet-Biedl syndrome,Autosomal recessive,Primary Renal,Congenital or developmental
WDR19,4p14,608151,"Senior-Loken syndrome, Short-rib thoracic dysplasia 5, Nephronophthisis type 13, Cranioectodermal dysplasia",Autosomal recessive,Primary Renal,Congenital or developmental
WDR34,9q34.11,613363,"Short rib-polydactyly syndrome, Verma-Naumoff typeShort-rib thoracic dysplasia 11 with or without polydactyly",Autosomal recessive,Primary Renal,Congenital or developmental
WDR35,2p24.1,613602,"Short rib-polydactyly syndrome, Verma-Naumoff type, Short rib-polydactyly syndrome (Jeune's syndrome) type 7, Cranioectodermal dysplasia type 2",Autosomal recessive,Primary Renal,Congenital or developmental
WDR60,7q36.3,615462,"Short rib-polydactyly syndrome, Verma-Naumoff type, Short rib-polydactyly syndrome (Jeune's syndrome) type 8",Autosomal recessive,Primary Renal,Congenital or developmental
WDR73,15q25.2,616144,Galloway-Mowat syndrome,Autosomal recessive,Primary Renal,Glomerular
WFS1,4p16.1,606201,Wolfram syndrome type 1,Autosomal dominant or recessive,Primary Renal,Congenital or developmental
WNK1,12p13.33,605232,"Pseudohypoaldosteronism, type 2c",Autosomal dominant or recessive,Primary Renal,Electrolytes_Metabolic
WNK4,17q21.2,601844,"Pseudohypoaldosteronism, type 2b",Autosomal dominant,Primary Renal,Electrolytes_Metabolic
WNT3,7q21.31,165330,Tetraamelia-multiple malformations syndrome,Autosomal recessive,Primary Renal,Congenital or developmental
WNT4,1p36.12,603490,SERKAL syndrome Mullerian aplasia and hyperandrogenism,Autosomal dominant or recessive,Primary Renal,Congenital or developmental
WNT5A,3p14.3,164975,"Robinow syndrome, autosomal dominant 1",Autosomal dominant,Primary Renal,Congenital or developmental
WNT7A,3p25.1,601570,"Ulna and fibula, absense of, with severe limb deficiency",Autosomal recessive,Genital,Genital
WT1,11p13,607102,"Denys-Drash syndrome, Frasier syndrome, Nephrotic syndrome type 4, Wilms tumor type 1",Autosomal dominant,Primary Renal,Glomerular
XDH,2p23.1,607633,"Xanthinuria, type i",Autosomal recessive,Primary Renal,Electrolytes_Metabolic
XPNPEP3,22q13.2,613553,Nephronophthisis-like nephropathy 1,Autosomal recessive,Primary Renal,Congenital or developmental
XRCC4,5q14.2,194363,"Short stature, microcephaly, and endocrine dysfunction",Autosomal recessive,Primary Renal,Congenital or developmental
XYLT2,17q21.33,608125,Spondylocular syndrome,Autosomal recessive,Primary Renal,Congenital or developmental
YAP1,11q22.1,606608,"Coloboma, ocular; Coloboma, ocular, with or without hearing impairment, cleft lippalate, andor mental retardation",Autosomal dominant,Primary Renal,Glomerular
ZAP70,2q11.2,176947,"Autoimmune Disease, multisystem, infantile-onset, 2",Autosomal recessive,Primary Renal,Glomerular
ZIC3,Xq26.3,300265,"VACTERL association, X-linked Heterotaxy, visceral, 1",X-linked recessive,Primary Renal,Congenital or developmental
ZMPSTE24,1p34.2,606480,"Restrictive Dermopathy, Lethal",Autosomal recessive,Primary Renal,Congenital or developmental
ZNF423,16q12.1,604557,Nephronophthisis-14 Joubert syndrome 16,Autosomal dominant or recessive,Primary Renal,Congenital or developmental
ZNF687,1q21.3,610568,Paget disease of bone 6,Autosomal dominant,Primary Renal,Electrolytes_Metabolic
